<?xml version="1.0" standalone="yes"?>
<Recordset>
  <xs:schema id="Recordset" xmlns="" xmlns:xs="http://www.w3.org/2001/XMLSchema" xmlns:msdata="urn:schemas-microsoft-com:xml-msdata">
    <xs:element name="Recordset" msdata:IsDataSet="true" msdata:MainDataTable="DTTRANS" msdata:UseCurrentLocale="true">
      <xs:complexType>
        <xs:choice minOccurs="0" maxOccurs="unbounded">
          <xs:element name="DTTRANS">
            <xs:complexType>
              <xs:sequence>
                <xs:element name="TID" type="xs:int" minOccurs="0" />
                <xs:element name="TXID" type="xs:int" minOccurs="0" />
                <xs:element name="TNAME" type="xs:string" minOccurs="0" />
                <xs:element name="NOTES" type="xs:string" minOccurs="0" />
                <xs:element name="SHOW_RESULTS" type="xs:boolean" minOccurs="0" />
              </xs:sequence>
            </xs:complexType>
          </xs:element>
        </xs:choice>
      </xs:complexType>
    </xs:element>
  </xs:schema>
  <DTTRANS>
    <TID>14</TID>
    <TXID>14</TXID>
    <TNAME>Rocal Shipping - Crate Assignment</TNAME>
    <NOTES>Prompt the user for the workorder +suffix+seq  (concatenated) and the crate number.  Both fields should be scanned using
barcodes.  The crate number will then be written to sales order line user field 5 for the sales
order tied to that work order.  The transaction shall handle errors, such as “No work order
found” if the work order does not exist, and “No sales order tied to that work order” if no tied
sales order is found.</NOTES>
    <SHOW_RESULTS>true</SHOW_RESULTS>
  </DTTRANS>
</Recordset>